{"train_loss": [[0, 0.2011652322316521], [1, 0.19614378465146068], [3, 0.19504129890127145], [4, 0.19431578452531167], [6, 0.19370418309683504], [7, 0.19336911787747355], [9, 0.1929670418356284], [10, 0.19302268832298236], [12, 0.1926377420834109], [13, 0.19225764981923327], [15, 0.19217119435851168], [16, 0.19199976980313951], [18, 0.19212373882065675], [19, 0.19204469183064085], [21, 0.19211845750869763], [22, 0.1917221056803793], [24, 0.19177972985354477], [25, 0.19161078625250946], [27, 0.19139873013939135], [28, 0.1912832025371681], [30, 0.19123626957296364], [31, 0.191094624993535]], "val_loss": [[2, 0.19581851206327738], [5, 0.1946798374778346], [8, 0.19357196908248098], [11, 0.19335219734593442], [14, 0.19339883954901443], [17, 0.19310478160255834], [20, 0.1928560733795166], [23, 0.19292413560967697], [26, 0.192540306794016], [29, 0.19252005376313863], [32, 0.19257589390403346]], "val_dice_loss": [[2, 0.49424517782110916], [5, 0.4825825440256219], [8, 0.4187701877794768], [11, 0.43055002312911184], [14, 0.39929196709080744], [17, 0.37769126892089844], [20, 0.36972158833553914], [23, 0.3588901068034925], [26, 0.3417754926179585], [29, 0.3208398568002801], [32, 0.3679815091584858]]}