{"train_loss": [[0, 0.20127793422548598], [1, 0.19630439591912752], [3, 0.19559797626891465], [4, 0.19424437115472507], [6, 0.19398816722810097], [7, 0.19349094451930088], [9, 0.1932167419321594], [10, 0.19236854387560703], [12, 0.1926519129179249], [13, 0.1923556395209641], [15, 0.19204665308927749], [16, 0.19185651120213237], [18, 0.1919029243306127], [19, 0.19187765599815876], [21, 0.19165384823305148], [22, 0.19171032095316728], [24, 0.19177869243245554], [25, 0.19162118138634085], [27, 0.19146910717086435], [28, 0.19117859149519656], [30, 0.1912477378877284], [31, 0.19133158143354334]], "val_loss": [[2, 0.19483586361533717], [5, 0.19381698809171977], [8, 0.19326565140172056], [11, 0.1929428451939633], [14, 0.1930113340678968], [17, 0.19243872793097244], [20, 0.19235959805940328], [23, 0.19260255913985402], [26, 0.19264905076277883], [29, 0.19268008282310084], [32, 0.19254198827241598]], "val_dice_loss": [[2, 0.5043853458605314], [5, 0.49370765686035156], [8, 0.4044454223231265], [11, 0.4205948177136873], [14, 0.36770481812326533], [17, 0.3733632439061215], [20, 0.3283900712665759], [23, 0.36458138415687963], [26, 0.3546503468563682], [29, 0.345949649810791], [32, 0.33837890625]]}