{"train_loss": [[0, 0.20393422736679268], [1, 0.19998499711719106], [3, 0.19746019737570453], [4, 0.1961519152787698], [6, 0.19516101778174313], [7, 0.19446954492838625], [9, 0.19348757233312788], [10, 0.19266645144520667], [12, 0.19217479150621194], [13, 0.1910712624726562], [15, 0.1899091061886366], [16, 0.18956644071133677], [18, 0.18909535601457597], [19, 0.187639302571124], [21, 0.18677507569734533], [22, 0.18649892906345147], [24, 0.18436078262690903], [25, 0.18299233693734462], [27, 0.18125982578469627], [28, 0.1795840549882311], [30, 0.17734567223339168], [31, 0.1747286063697543]], "val_loss": [[2, 0.19849725773459986], [5, 0.19523323209662186], [8, 0.19370815628453306], [11, 0.19204139709472656], [14, 0.19115490662424187], [17, 0.18926290461891576], [20, 0.18706250190734863], [23, 0.1855649697153192], [26, 0.18230709276701274], [29, 0.17920097551847758], [32, 0.17395503897415965]], "val_dice_loss": [[2, 0.6895347394441304], [5, 0.6412782669067383], [8, 0.6063087362992136], [11, 0.5674846046849301], [14, 0.5415368833039936], [17, 0.5112608859413549], [20, 0.481507702877647], [23, 0.5062258369044254], [26, 0.5014901412160773], [29, 0.4665600124158357], [32, 0.48713131954795436]]}