{"train_loss": [[0, 0.20382991511508408], [1, 0.19999262385941527], [3, 0.19771702087758133], [4, 0.19608318209293538], [6, 0.19510676367099425], [7, 0.1942130382392661], [9, 0.1938605274804214], [10, 0.19289349867382502], [12, 0.19156132675879142], [13, 0.19136559335261993], [15, 0.1901647953959952], [16, 0.1896228673363985], [18, 0.18873453103854396], [19, 0.1877473780815179], [21, 0.18725668817896], [22, 0.18615443341524898], [24, 0.18441235114309146], [25, 0.18278376659039658], [27, 0.18134374093019928], [28, 0.18005020299730468], [30, 0.17722594006373069], [31, 0.1751612501971701]], "val_loss": [[2, 0.1984203489203202], [5, 0.19545183683696546], [8, 0.19365982005470678], [11, 0.1921801441594174], [14, 0.19070886310778165], [17, 0.1888718605041504], [20, 0.18722731188723915], [23, 0.18500551424528422], [26, 0.1821390704104775], [29, 0.17866271420529015], [32, 0.1727699355075234]], "val_dice_loss": [[2, 0.751510971470883], [5, 0.6808843612670898], [8, 0.5984526182475843], [11, 0.6052181846217105], [14, 0.569108059531764], [17, 0.5447497618825812], [20, 0.5675011685020045], [23, 0.5187287581594366], [26, 0.5079465163381476], [29, 0.4982095015676398], [32, 0.4828298468338816]]}