{"train_loss": [[0, 0.20114987128926756], [1, 0.19604634159058668], [3, 0.19400763182895145], [4, 0.19297957867556687], [6, 0.19252917355446755], [7, 0.19114294216699843], [9, 0.190302671039091], [10, 0.18983776807440578], [12, 0.18873780438767937], [13, 0.18825395321035115], [15, 0.18706899448036554], [16, 0.1866383825269247], [18, 0.18556522850577714], [19, 0.18456285999486677], [21, 0.18318689797227866], [22, 0.18217164223471694], [24, 0.18086804175597537], [25, 0.17907366754831489], [27, 0.1778773623852308], [28, 0.17609364485020726], [30, 0.17361983939130898], [31, 0.17113041609910332]], "val_loss": [[2, 0.19576224527860941], [5, 0.19321247151023463], [8, 0.19182305586965462], [11, 0.19039548070807205], [14, 0.1890965637407805], [17, 0.1872715950012207], [20, 0.18592485628629984], [23, 0.18432347398055227], [26, 0.18160984390660337], [29, 0.17809322005824038], [32, 0.17319591421830027]], "val_dice_loss": [[2, 0.5818051288002416], [5, 0.5142168747751337], [8, 0.4519052505493164], [11, 0.46701506564491674], [14, 0.40556591435482625], [17, 0.3809334353396767], [20, 0.35787057876586914], [23, 0.37222141968576533], [26, 0.40017647492258174], [29, 0.37236537431415756], [32, 0.3616764168990286]]}